fiscalYear,cash,bonus,total
2080/2081,0.5263,10.0,10.526299999999999
2079/2080,0.5401,10.2612,10.801300000000001
